{
    "Modality": "PT",
    "Manufacturer": "Siemens",
    "ManufacturersModelName": "petmct1",
    "InstitutionName": "NIH Clinical Center",
    "InstitutionalDepartmentName": "PET petmct1",
    "InstitutionAddress": "10 Center Drive, Bethesda, MD 20892",
    "DeviceSerialNumber": "11048",
    "StationName": "CTAWP71179",
    "PatientPosition": "FFS",
    "SoftwareVersions": "VG62B",
    "SeriesDescription": "PET_Brain_Dyn_TOF",
    "ProtocolName": "PET_Brain_Dyn_TOF",
    "ImageType": [
        "ORIGINAL",
        "PRIMARY"
    ],
    "SeriesNumber": 5,
    "AcquisitionNumber": 2001,
    "ImageComments": "Frame 1 of 33^AC_CT_Brain",
    "Radiopharmaceutical": "mc1",
    "RadionuclidePositronFraction": 0.997669,
    "RadionuclideTotalDose": 769230000.0,
    "RadionuclideHalfLife": 1220.04,
    "DoseCalibrationFactor": 30824300.0,
    "Units": "Bq/mL",
    "DecayCorrection": "ADMIN",
    "AttenuationCorrectionMethod": "measured,AC_CT_Brain",
    "DecayFactor": [
        1.01258,
        1.02998,
        1.04769,
        1.0657,
        1.08402,
        1.10265,
        1.13121,
        1.17043,
        1.21102,
        1.27455,
        1.36448,
        1.53738,
        1.82306,
        2.16184,
        2.56357,
        3.03995,
        3.60485,
        4.27473,
        5.06909,
        6.01106,
        7.12808,
        8.45267,
        10.0234,
        11.886,
        14.0948,
        16.714,
        19.8199,
        23.5029,
        27.8704,
        33.0495,
        39.191,
        46.4737,
        55.1098
    ],
    "FrameTimesStart": [
        0,
        30,
        60,
        90,
        120,
        150,
        180,
        240,
        300,
        360,
        480,
        600,
        900,
        1200,
        1500,
        1800,
        2100,
        2400,
        2700,
        3000,
        3300,
        3600,
        3900,
        4200,
        4500,
        4800,
        5100,
        5400,
        5700,
        6000,
        6300,
        6600,
        6900
    ],
    "FrameDuration": [
        30,
        30,
        30,
        30,
        30,
        30,
        60,
        60,
        60,
        120,
        120,
        300,
        300,
        300,
        300,
        300,
        300,
        300,
        300,
        300,
        300,
        300,
        300,
        300,
        300,
        300,
        300,
        300,
        300,
        300,
        300,
        300,
        300
    ],
    "FrameReferenceTime": [
        14.9787,
        44.9787,
        74.9787,
        104.979,
        134.979,
        164.979,
        209.915,
        269.915,
        329.915,
        419.659,
        539.659,
        747.87,
        1047.87,
        1347.87,
        1647.87,
        1947.87,
        2247.87,
        2547.87,
        2847.87,
        3147.87,
        3447.87,
        3747.87,
        4047.87,
        4347.87,
        4647.87,
        4947.87,
        5247.87,
        5547.87,
        5847.87,
        6147.87,
        6447.87,
        6747.87,
        7047.87
    ],
    "SliceThickness": 2,
    "ImageOrientationPatientDICOM": [
        1,
        0,
        0,
        0,
        1,
        0
    ],
    "ConversionSoftware": [
        "dcm2niix",
        "pypet2bids"
    ],
    "ConversionSoftwareVersion": [
        "v1.0.20220720",
        "1.2.5"
    ],
    "ReconMethodName": "Point-Spread Function modelling Time Of Flight",
    "ReconMethodParameterUnits": [
        "none",
        "none"
    ],
    "ReconMethodParameterLabels": [
        "subsets",
        "iterations"
    ],
    "ReconMethodParameterValues": [
        21,
        3
    ],
    "AttenuationCorrection": "measured,AC_CT_Brain",
    "ScatterFraction": [
        0.256801
    ],
    "DecayCorrectionFactor": [
        1.2745505
    ],
    "TimeZero": "10:05:14",
    "ScanStart": 0,
    "InjectionStart": 0,
    "TracerName": "MC1",
    "TracerRadionuclide": "11C",
    "InjectedRadioactivity": 769230.0,
    "InjectedRadioactivityUnits": "kBq",
    "InjectedMass": 16.134247281601052,
    "InjectedMassUnits": "nmol",
    "SpecificRadioactivity": 47.676844576269986,
    "SpecificRadioactivityUnits": "MBq/nmol",
    "ModeOfAdministration": "bolus",
    "AcquisitionMode": "list mode",
    "ImageDecayCorrected": true,
    "ImageDecayCorrectionTime": 0.0,
    "ReconFilterSize": 2.0,
    "ReconFilterType": "XYZ Gauss0"
}