index	name	volume-mm3
4	Left-Lateral-Ventricle	7625.0
5	Left-Inf-Lat-Vent	247.0
7	Left-Cerebellum-White-Matter	12607.0
8	Left-Cerebellum-Cortex	42921.0
10	Left-Thalamus	7555.0
11	Left-Caudate	3098.0
12	Left-Putamen	5320.0
13	Left-Pallidum	1961.0
14	3rd-Ventricle	666.0
15	4th-Ventricle	1450.0
16	Brain-Stem	21136.0
17	Left-Hippocampus	4043.0
18	Left-Amygdala	1786.0
24	CSF	1013.0
26	Left-Accumbens-area	493.0
28	Left-VentralDC	4405.0
30	Left-vessel	31.0
31	Left-choroid-plexus	626.0
43	Right-Lateral-Ventricle	7063.0
44	Right-Inf-Lat-Vent	155.0
46	Right-Cerebellum-White-Matter	12282.0
47	Right-Cerebellum-Cortex	42407.0
49	Right-Thalamus	7485.0
50	Right-Caudate	3155.0
51	Right-Putamen	5099.0
52	Right-Pallidum	1894.0
53	Right-Hippocampus	4166.0
54	Right-Amygdala	1676.0
58	Right-Accumbens-area	497.0
60	Right-VentralDC	4324.0
62	Right-vessel	13.0
63	Right-choroid-plexus	754.0
85	Optic-Chiasm	57.0
251	CC_Posterior	1014.0
252	CC_Mid_Posterior	582.0
253	CC_Central	592.0
254	CC_Mid_Anterior	511.0
255	CC_Anterior	990.0
1001	ctx-lh-bankssts	2120.0
1002	ctx-lh-caudalanteriorcingulate	1491.0
1003	ctx-lh-caudalmiddlefrontal	5296.0
1005	ctx-lh-cuneus	4374.0
1006	ctx-lh-entorhinal	1945.0
1007	ctx-lh-fusiform	9941.0
1008	ctx-lh-inferiorparietal	8839.0
1009	ctx-lh-inferiortemporal	9523.0
1010	ctx-lh-isthmuscingulate	2519.0
1011	ctx-lh-lateraloccipital	12348.0
1012	ctx-lh-lateralorbitofrontal	6060.0
1013	ctx-lh-lingual	7331.0
1014	ctx-lh-medialorbitofrontal	4414.0
1015	ctx-lh-middletemporal	9523.0
1016	ctx-lh-parahippocampal	2490.0
1017	ctx-lh-paracentral	3120.0
1018	ctx-lh-parsopercularis	4255.0
1019	ctx-lh-parsorbitalis	2462.0
1020	ctx-lh-parstriangularis	4533.0
1021	ctx-lh-pericalcarine	2934.0
1022	ctx-lh-postcentral	8430.0
1023	ctx-lh-posteriorcingulate	3004.0
1024	ctx-lh-precentral	12040.0
1025	ctx-lh-precuneus	8430.0
1026	ctx-lh-rostralanteriorcingulate	2393.0
1027	ctx-lh-rostralmiddlefrontal	15401.0
1028	ctx-lh-superiorfrontal	17182.0
1029	ctx-lh-superiorparietal	12887.0
1030	ctx-lh-superiortemporal	12619.0
1031	ctx-lh-supramarginal	10180.0
1032	ctx-lh-frontalpole	1007.0
1033	ctx-lh-temporalpole	2000.0
1034	ctx-lh-transversetemporal	1069.0
1035	ctx-lh-insula	6281.0
2001	ctx-rh-bankssts	2197.0
2002	ctx-rh-caudalanteriorcingulate	1072.0
2003	ctx-rh-caudalmiddlefrontal	5401.0
2005	ctx-rh-cuneus	4086.0
2006	ctx-rh-entorhinal	1534.0
2007	ctx-rh-fusiform	8145.0
2008	ctx-rh-inferiorparietal	11412.0
2009	ctx-rh-inferiortemporal	8264.0
2010	ctx-rh-isthmuscingulate	2795.0
2011	ctx-rh-lateraloccipital	13015.0
2012	ctx-rh-lateralorbitofrontal	6431.0
2013	ctx-rh-lingual	8200.0
2014	ctx-rh-medialorbitofrontal	5139.0
2015	ctx-rh-middletemporal	10005.0
2016	ctx-rh-parahippocampal	2278.0
2017	ctx-rh-paracentral	3534.0
2018	ctx-rh-parsopercularis	3110.0
2019	ctx-rh-parsorbitalis	2972.0
2020	ctx-rh-parstriangularis	3641.0
2021	ctx-rh-pericalcarine	3367.0
2022	ctx-rh-postcentral	8714.0
2023	ctx-rh-posteriorcingulate	2436.0
2024	ctx-rh-precentral	12483.0
2025	ctx-rh-precuneus	9225.0
2026	ctx-rh-rostralanteriorcingulate	932.0
2027	ctx-rh-rostralmiddlefrontal	15874.0
2028	ctx-rh-superiorfrontal	17464.0
2029	ctx-rh-superiorparietal	13551.0
2030	ctx-rh-superiortemporal	11447.0
2031	ctx-rh-supramarginal	8380.0
2032	ctx-rh-frontalpole	1145.0
2033	ctx-rh-temporalpole	2284.0
2034	ctx-rh-transversetemporal	1046.0
2035	ctx-rh-insula	5738.0
3001	wm-lh-bankssts	2766.0
3002	wm-lh-caudalanteriorcingulate	2512.0
3003	wm-lh-caudalmiddlefrontal	5524.0
3005	wm-lh-cuneus	3568.0
3006	wm-lh-entorhinal	912.0
3007	wm-lh-fusiform	6340.0
3008	wm-lh-inferiorparietal	7686.0
3009	wm-lh-inferiortemporal	5445.0
3010	wm-lh-isthmuscingulate	4097.0
3011	wm-lh-lateraloccipital	9949.0
3012	wm-lh-lateralorbitofrontal	5700.0
3013	wm-lh-lingual	6187.0
3014	wm-lh-medialorbitofrontal	2823.0
3015	wm-lh-middletemporal	4561.0
3016	wm-lh-parahippocampal	1797.0
3017	wm-lh-paracentral	3873.0
3018	wm-lh-parsopercularis	3423.0
3019	wm-lh-parsorbitalis	1074.0
3020	wm-lh-parstriangularis	3733.0
3021	wm-lh-pericalcarine	5283.0
3022	wm-lh-postcentral	7307.0
3023	wm-lh-posteriorcingulate	4426.0
3024	wm-lh-precentral	12591.0
3025	wm-lh-precuneus	8518.0
3026	wm-lh-rostralanteriorcingulate	2789.0
3027	wm-lh-rostralmiddlefrontal	14265.0
3028	wm-lh-superiorfrontal	15202.0
3029	wm-lh-superiorparietal	12046.0
3030	wm-lh-superiortemporal	7931.0
3031	wm-lh-supramarginal	8238.0
3032	wm-lh-frontalpole	348.0
3033	wm-lh-temporalpole	515.0
3034	wm-lh-transversetemporal	852.0
3035	wm-lh-insula	9836.0
4001	wm-rh-bankssts	2707.0
4002	wm-rh-caudalanteriorcingulate	2404.0
4003	wm-rh-caudalmiddlefrontal	5101.0
4005	wm-rh-cuneus	3589.0
4006	wm-rh-entorhinal	812.0
4007	wm-rh-fusiform	5870.0
4008	wm-rh-inferiorparietal	9468.0
4009	wm-rh-inferiortemporal	4910.0
4010	wm-rh-isthmuscingulate	3578.0
4011	wm-rh-lateraloccipital	10418.0
4012	wm-rh-lateralorbitofrontal	6865.0
4013	wm-rh-lingual	6932.0
4014	wm-rh-medialorbitofrontal	3584.0
4015	wm-rh-middletemporal	5252.0
4016	wm-rh-parahippocampal	1630.0
4017	wm-rh-paracentral	4613.0
4018	wm-rh-parsopercularis	2842.0
4019	wm-rh-parsorbitalis	1124.0
4020	wm-rh-parstriangularis	3425.0
4021	wm-rh-pericalcarine	4728.0
4022	wm-rh-postcentral	7161.0
4023	wm-rh-posteriorcingulate	3592.0
4024	wm-rh-precentral	13508.0
4025	wm-rh-precuneus	9386.0
4026	wm-rh-rostralanteriorcingulate	1938.0
4027	wm-rh-rostralmiddlefrontal	14378.0
4028	wm-rh-superiorfrontal	14896.0
4029	wm-rh-superiorparietal	12665.0
4030	wm-rh-superiortemporal	6452.0
4031	wm-rh-supramarginal	7445.0
4032	wm-rh-frontalpole	358.0
4033	wm-rh-temporalpole	597.0
4034	wm-rh-transversetemporal	470.0
4035	wm-rh-insula	8988.0
5001	Left-UnsegmentedWhiteMatter	32933.0
5002	Right-UnsegmentedWhiteMatter	32729.0
