index	name	volume-mm3
4	Left-Lateral-Ventricle	3975.0
5	Left-Inf-Lat-Vent	454.0
7	Left-Cerebellum-White-Matter	14777.0
8	Left-Cerebellum-Cortex	52852.0
10	Left-Thalamus	8507.0
11	Left-Caudate	3608.0
12	Left-Putamen	5367.0
13	Left-Pallidum	2076.0
14	3rd-Ventricle	986.0
15	4th-Ventricle	1131.0
16	Brain-Stem	22613.0
17	Left-Hippocampus	3483.0
18	Left-Amygdala	1019.0
24	CSF	830.0
26	Left-Accumbens-area	492.0
28	Left-VentralDC	3985.0
30	Left-vessel	17.0
31	Left-choroid-plexus	499.0
43	Right-Lateral-Ventricle	3368.0
44	Right-Inf-Lat-Vent	495.0
46	Right-Cerebellum-White-Matter	14392.0
47	Right-Cerebellum-Cortex	51518.0
49	Right-Thalamus	7872.0
50	Right-Caudate	3714.0
51	Right-Putamen	5210.0
52	Right-Pallidum	2051.0
53	Right-Hippocampus	3895.0
54	Right-Amygdala	1458.0
58	Right-Accumbens-area	707.0
60	Right-VentralDC	4037.0
62	Right-vessel	9.0
63	Right-choroid-plexus	577.0
80	non-WM-hypointensities	3.0
85	Optic-Chiasm	125.0
251	CC_Posterior	870.0
252	CC_Mid_Posterior	593.0
253	CC_Central	410.0
254	CC_Mid_Anterior	348.0
255	CC_Anterior	739.0
1001	ctx-lh-bankssts	2237.0
1002	ctx-lh-caudalanteriorcingulate	2924.0
1003	ctx-lh-caudalmiddlefrontal	8105.0
1005	ctx-lh-cuneus	3943.0
1006	ctx-lh-entorhinal	2068.0
1007	ctx-lh-fusiform	10733.0
1008	ctx-lh-inferiorparietal	10539.0
1009	ctx-lh-inferiortemporal	14065.0
1010	ctx-lh-isthmuscingulate	2461.0
1011	ctx-lh-lateraloccipital	13269.0
1012	ctx-lh-lateralorbitofrontal	8750.0
1013	ctx-lh-lingual	5969.0
1014	ctx-lh-medialorbitofrontal	5851.0
1015	ctx-lh-middletemporal	10122.0
1016	ctx-lh-parahippocampal	2174.0
1017	ctx-lh-paracentral	5207.0
1018	ctx-lh-parsopercularis	5497.0
1019	ctx-lh-parsorbitalis	2991.0
1020	ctx-lh-parstriangularis	4492.0
1021	ctx-lh-pericalcarine	2364.0
1022	ctx-lh-postcentral	11655.0
1023	ctx-lh-posteriorcingulate	3262.0
1024	ctx-lh-precentral	16588.0
1025	ctx-lh-precuneus	9571.0
1026	ctx-lh-rostralanteriorcingulate	2698.0
1027	ctx-lh-rostralmiddlefrontal	17553.0
1028	ctx-lh-superiorfrontal	25327.0
1029	ctx-lh-superiorparietal	13579.0
1030	ctx-lh-superiortemporal	12744.0
1031	ctx-lh-supramarginal	11606.0
1032	ctx-lh-frontalpole	1075.0
1033	ctx-lh-temporalpole	2687.0
1034	ctx-lh-transversetemporal	1254.0
1035	ctx-lh-insula	8325.0
2001	ctx-rh-bankssts	2321.0
2002	ctx-rh-caudalanteriorcingulate	2807.0
2003	ctx-rh-caudalmiddlefrontal	8160.0
2005	ctx-rh-cuneus	4199.0
2006	ctx-rh-entorhinal	2007.0
2007	ctx-rh-fusiform	9366.0
2008	ctx-rh-inferiorparietal	15315.0
2009	ctx-rh-inferiortemporal	13163.0
2010	ctx-rh-isthmuscingulate	2222.0
2011	ctx-rh-lateraloccipital	10596.0
2012	ctx-rh-lateralorbitofrontal	8317.0
2013	ctx-rh-lingual	6856.0
2014	ctx-rh-medialorbitofrontal	5739.0
2015	ctx-rh-middletemporal	12097.0
2016	ctx-rh-parahippocampal	1746.0
2017	ctx-rh-paracentral	5178.0
2018	ctx-rh-parsopercularis	5240.0
2019	ctx-rh-parsorbitalis	2906.0
2020	ctx-rh-parstriangularis	5256.0
2021	ctx-rh-pericalcarine	2709.0
2022	ctx-rh-postcentral	10941.0
2023	ctx-rh-posteriorcingulate	3580.0
2024	ctx-rh-precentral	14852.0
2025	ctx-rh-precuneus	9893.0
2026	ctx-rh-rostralanteriorcingulate	2502.0
2027	ctx-rh-rostralmiddlefrontal	18204.0
2028	ctx-rh-superiorfrontal	24644.0
2029	ctx-rh-superiorparietal	13874.0
2030	ctx-rh-superiortemporal	12675.0
2031	ctx-rh-supramarginal	8773.0
2032	ctx-rh-frontalpole	1201.0
2033	ctx-rh-temporalpole	2888.0
2034	ctx-rh-transversetemporal	851.0
2035	ctx-rh-insula	6640.0
3001	wm-lh-bankssts	2455.0
3002	wm-lh-caudalanteriorcingulate	3379.0
3003	wm-lh-caudalmiddlefrontal	7501.0
3005	wm-lh-cuneus	1956.0
3006	wm-lh-entorhinal	738.0
3007	wm-lh-fusiform	6729.0
3008	wm-lh-inferiorparietal	7907.0
3009	wm-lh-inferiortemporal	6312.0
3010	wm-lh-isthmuscingulate	3313.0
3011	wm-lh-lateraloccipital	8070.0
3012	wm-lh-lateralorbitofrontal	7364.0
3013	wm-lh-lingual	4272.0
3014	wm-lh-medialorbitofrontal	3552.0
3015	wm-lh-middletemporal	6500.0
3016	wm-lh-parahippocampal	1535.0
3017	wm-lh-paracentral	4407.0
3018	wm-lh-parsopercularis	3902.0
3019	wm-lh-parsorbitalis	1240.0
3020	wm-lh-parstriangularis	3182.0
3021	wm-lh-pericalcarine	2815.0
3022	wm-lh-postcentral	7016.0
3023	wm-lh-posteriorcingulate	4742.0
3024	wm-lh-precentral	14534.0
3025	wm-lh-precuneus	7657.0
3026	wm-lh-rostralanteriorcingulate	2372.0
3027	wm-lh-rostralmiddlefrontal	13619.0
3028	wm-lh-superiorfrontal	19894.0
3029	wm-lh-superiorparietal	10150.0
3030	wm-lh-superiortemporal	7539.0
3031	wm-lh-supramarginal	8385.0
3032	wm-lh-frontalpole	252.0
3033	wm-lh-temporalpole	654.0
3034	wm-lh-transversetemporal	959.0
3035	wm-lh-insula	9485.0
4001	wm-rh-bankssts	3625.0
4002	wm-rh-caudalanteriorcingulate	3623.0
4003	wm-rh-caudalmiddlefrontal	7489.0
4005	wm-rh-cuneus	2110.0
4006	wm-rh-entorhinal	694.0
4007	wm-rh-fusiform	6289.0
4008	wm-rh-inferiorparietal	9993.0
4009	wm-rh-inferiortemporal	6374.0
4010	wm-rh-isthmuscingulate	3005.0
4011	wm-rh-lateraloccipital	6287.0
4012	wm-rh-lateralorbitofrontal	7813.0
4013	wm-rh-lingual	4380.0
4014	wm-rh-medialorbitofrontal	3845.0
4015	wm-rh-middletemporal	6669.0
4016	wm-rh-parahippocampal	1321.0
4017	wm-rh-paracentral	5604.0
4018	wm-rh-parsopercularis	3994.0
4019	wm-rh-parsorbitalis	1411.0
4020	wm-rh-parstriangularis	3251.0
4021	wm-rh-pericalcarine	2819.0
4022	wm-rh-postcentral	6616.0
4023	wm-rh-posteriorcingulate	4494.0
4024	wm-rh-precentral	13741.0
4025	wm-rh-precuneus	8770.0
4026	wm-rh-rostralanteriorcingulate	1881.0
4027	wm-rh-rostralmiddlefrontal	13542.0
4028	wm-rh-superiorfrontal	18755.0
4029	wm-rh-superiorparietal	10586.0
4030	wm-rh-superiortemporal	6266.0
4031	wm-rh-supramarginal	6429.0
4032	wm-rh-frontalpole	355.0
4033	wm-rh-temporalpole	786.0
4034	wm-rh-transversetemporal	772.0
4035	wm-rh-insula	7953.0
5001	Left-UnsegmentedWhiteMatter	29860.0
5002	Right-UnsegmentedWhiteMatter	28228.0
