index	name	volume-mm3
4	Left-Lateral-Ventricle	3480.0
5	Left-Inf-Lat-Vent	259.0
7	Left-Cerebellum-White-Matter	13859.0
8	Left-Cerebellum-Cortex	53599.0
10	Left-Thalamus	8126.0
11	Left-Caudate	3140.0
12	Left-Putamen	5072.0
13	Left-Pallidum	2164.0
14	3rd-Ventricle	1064.0
15	4th-Ventricle	1909.0
16	Brain-Stem	20361.0
17	Left-Hippocampus	4573.0
18	Left-Amygdala	1771.0
24	CSF	734.0
26	Left-Accumbens-area	504.0
28	Left-VentralDC	4468.0
30	Left-vessel	6.0
31	Left-choroid-plexus	429.0
43	Right-Lateral-Ventricle	4496.0
44	Right-Inf-Lat-Vent	215.0
46	Right-Cerebellum-White-Matter	13365.0
47	Right-Cerebellum-Cortex	52724.0
49	Right-Thalamus	7895.0
50	Right-Caudate	3264.0
51	Right-Putamen	5144.0
52	Right-Pallidum	2174.0
53	Right-Hippocampus	4801.0
54	Right-Amygdala	2322.0
58	Right-Accumbens-area	614.0
60	Right-VentralDC	4499.0
62	Right-vessel	22.0
63	Right-choroid-plexus	359.0
85	Optic-Chiasm	65.0
251	CC_Posterior	982.0
252	CC_Mid_Posterior	675.0
253	CC_Central	510.0
254	CC_Mid_Anterior	443.0
255	CC_Anterior	620.0
1001	ctx-lh-bankssts	2413.0
1002	ctx-lh-caudalanteriorcingulate	1994.0
1003	ctx-lh-caudalmiddlefrontal	4592.0
1005	ctx-lh-cuneus	2476.0
1006	ctx-lh-entorhinal	1929.0
1007	ctx-lh-fusiform	8200.0
1008	ctx-lh-inferiorparietal	8866.0
1009	ctx-lh-inferiortemporal	9391.0
1010	ctx-lh-isthmuscingulate	1832.0
1011	ctx-lh-lateraloccipital	9848.0
1012	ctx-lh-lateralorbitofrontal	6719.0
1013	ctx-lh-lingual	4795.0
1014	ctx-lh-medialorbitofrontal	4369.0
1015	ctx-lh-middletemporal	10167.0
1016	ctx-lh-parahippocampal	2143.0
1017	ctx-lh-paracentral	3015.0
1018	ctx-lh-parsopercularis	3040.0
1019	ctx-lh-parsorbitalis	1863.0
1020	ctx-lh-parstriangularis	2751.0
1021	ctx-lh-pericalcarine	1888.0
1022	ctx-lh-postcentral	7815.0
1023	ctx-lh-posteriorcingulate	2347.0
1024	ctx-lh-precentral	9940.0
1025	ctx-lh-precuneus	7536.0
1026	ctx-lh-rostralanteriorcingulate	2360.0
1027	ctx-lh-rostralmiddlefrontal	12945.0
1028	ctx-lh-superiorfrontal	19656.0
1029	ctx-lh-superiorparietal	9604.0
1030	ctx-lh-superiortemporal	11695.0
1031	ctx-lh-supramarginal	8958.0
1032	ctx-lh-frontalpole	705.0
1033	ctx-lh-temporalpole	2717.0
1034	ctx-lh-transversetemporal	1121.0
1035	ctx-lh-insula	6696.0
2001	ctx-rh-bankssts	2004.0
2002	ctx-rh-caudalanteriorcingulate	1515.0
2003	ctx-rh-caudalmiddlefrontal	5369.0
2005	ctx-rh-cuneus	2556.0
2006	ctx-rh-entorhinal	1701.0
2007	ctx-rh-fusiform	7819.0
2008	ctx-rh-inferiorparietal	13401.0
2009	ctx-rh-inferiortemporal	9586.0
2010	ctx-rh-isthmuscingulate	1708.0
2011	ctx-rh-lateraloccipital	9366.0
2012	ctx-rh-lateralorbitofrontal	6594.0
2013	ctx-rh-lingual	6771.0
2014	ctx-rh-medialorbitofrontal	4594.0
2015	ctx-rh-middletemporal	9308.0
2016	ctx-rh-parahippocampal	1683.0
2017	ctx-rh-paracentral	3231.0
2018	ctx-rh-parsopercularis	2606.0
2019	ctx-rh-parsorbitalis	1962.0
2020	ctx-rh-parstriangularis	3490.0
2021	ctx-rh-pericalcarine	2237.0
2022	ctx-rh-postcentral	7758.0
2023	ctx-rh-posteriorcingulate	2578.0
2024	ctx-rh-precentral	10961.0
2025	ctx-rh-precuneus	8700.0
2026	ctx-rh-rostralanteriorcingulate	1563.0
2027	ctx-rh-rostralmiddlefrontal	13363.0
2028	ctx-rh-superiorfrontal	19169.0
2029	ctx-rh-superiorparietal	10399.0
2030	ctx-rh-superiortemporal	10112.0
2031	ctx-rh-supramarginal	8579.0
2032	ctx-rh-frontalpole	776.0
2033	ctx-rh-temporalpole	2665.0
2034	ctx-rh-transversetemporal	717.0
2035	ctx-rh-insula	5987.0
3001	wm-lh-bankssts	2551.0
3002	wm-lh-caudalanteriorcingulate	2887.0
3003	wm-lh-caudalmiddlefrontal	6186.0
3005	wm-lh-cuneus	2586.0
3006	wm-lh-entorhinal	998.0
3007	wm-lh-fusiform	6865.0
3008	wm-lh-inferiorparietal	8647.0
3009	wm-lh-inferiortemporal	6202.0
3010	wm-lh-isthmuscingulate	3236.0
3011	wm-lh-lateraloccipital	9149.0
3012	wm-lh-lateralorbitofrontal	6846.0
3013	wm-lh-lingual	5634.0
3014	wm-lh-medialorbitofrontal	3505.0
3015	wm-lh-middletemporal	6068.0
3016	wm-lh-parahippocampal	1765.0
3017	wm-lh-paracentral	3791.0
3018	wm-lh-parsopercularis	3160.0
3019	wm-lh-parsorbitalis	935.0
3020	wm-lh-parstriangularis	2750.0
3021	wm-lh-pericalcarine	3825.0
3022	wm-lh-postcentral	7262.0
3023	wm-lh-posteriorcingulate	4059.0
3024	wm-lh-precentral	12430.0
3025	wm-lh-precuneus	8755.0
3026	wm-lh-rostralanteriorcingulate	2674.0
3027	wm-lh-rostralmiddlefrontal	12709.0
3028	wm-lh-superiorfrontal	19837.0
3029	wm-lh-superiorparietal	11062.0
3030	wm-lh-superiortemporal	8834.0
3031	wm-lh-supramarginal	8511.0
3032	wm-lh-frontalpole	264.0
3033	wm-lh-temporalpole	705.0
3034	wm-lh-transversetemporal	1217.0
3035	wm-lh-insula	10736.0
4001	wm-rh-bankssts	2943.0
4002	wm-rh-caudalanteriorcingulate	2803.0
4003	wm-rh-caudalmiddlefrontal	6479.0
4005	wm-rh-cuneus	2492.0
4006	wm-rh-entorhinal	1013.0
4007	wm-rh-fusiform	6803.0
4008	wm-rh-inferiorparietal	10267.0
4009	wm-rh-inferiortemporal	5113.0
4010	wm-rh-isthmuscingulate	2961.0
4011	wm-rh-lateraloccipital	8067.0
4012	wm-rh-lateralorbitofrontal	7802.0
4013	wm-rh-lingual	6269.0
4014	wm-rh-medialorbitofrontal	4057.0
4015	wm-rh-middletemporal	6540.0
4016	wm-rh-parahippocampal	1451.0
4017	wm-rh-paracentral	4777.0
4018	wm-rh-parsopercularis	2499.0
4019	wm-rh-parsorbitalis	1145.0
4020	wm-rh-parstriangularis	3105.0
4021	wm-rh-pericalcarine	4134.0
4022	wm-rh-postcentral	7005.0
4023	wm-rh-posteriorcingulate	3814.0
4024	wm-rh-precentral	13038.0
4025	wm-rh-precuneus	9719.0
4026	wm-rh-rostralanteriorcingulate	2306.0
4027	wm-rh-rostralmiddlefrontal	12749.0
4028	wm-rh-superiorfrontal	19489.0
4029	wm-rh-superiorparietal	10400.0
4030	wm-rh-superiortemporal	7394.0
4031	wm-rh-supramarginal	9241.0
4032	wm-rh-frontalpole	341.0
4033	wm-rh-temporalpole	970.0
4034	wm-rh-transversetemporal	729.0
4035	wm-rh-insula	9309.0
5001	Left-UnsegmentedWhiteMatter	35216.0
5002	Right-UnsegmentedWhiteMatter	36029.0
