index	name	volume-mm3
4	Left-Lateral-Ventricle	3945.0
5	Left-Inf-Lat-Vent	125.0
7	Left-Cerebellum-White-Matter	13060.0
8	Left-Cerebellum-Cortex	45533.0
10	Left-Thalamus	7375.0
11	Left-Caudate	3257.0
12	Left-Putamen	4872.0
13	Left-Pallidum	1833.0
14	3rd-Ventricle	497.0
15	4th-Ventricle	1047.0
16	Brain-Stem	18481.0
17	Left-Hippocampus	4114.0
18	Left-Amygdala	1521.0
24	CSF	896.0
26	Left-Accumbens-area	518.0
28	Left-VentralDC	3802.0
30	Left-vessel	35.0
31	Left-choroid-plexus	502.0
43	Right-Lateral-Ventricle	3348.0
44	Right-Inf-Lat-Vent	151.0
46	Right-Cerebellum-White-Matter	12890.0
47	Right-Cerebellum-Cortex	46544.0
49	Right-Thalamus	7067.0
50	Right-Caudate	3396.0
51	Right-Putamen	4872.0
52	Right-Pallidum	1879.0
53	Right-Hippocampus	4068.0
54	Right-Amygdala	1576.0
58	Right-Accumbens-area	588.0
60	Right-VentralDC	3640.0
63	Right-choroid-plexus	502.0
85	Optic-Chiasm	65.0
251	CC_Posterior	1043.0
252	CC_Mid_Posterior	678.0
253	CC_Central	737.0
254	CC_Mid_Anterior	666.0
255	CC_Anterior	919.0
1001	ctx-lh-bankssts	1816.0
1002	ctx-lh-caudalanteriorcingulate	2195.0
1003	ctx-lh-caudalmiddlefrontal	6079.0
1005	ctx-lh-cuneus	3238.0
1006	ctx-lh-entorhinal	1417.0
1007	ctx-lh-fusiform	8372.0
1008	ctx-lh-inferiorparietal	8456.0
1009	ctx-lh-inferiortemporal	7766.0
1010	ctx-lh-isthmuscingulate	1993.0
1011	ctx-lh-lateraloccipital	11572.0
1012	ctx-lh-lateralorbitofrontal	6505.0
1013	ctx-lh-lingual	5689.0
1014	ctx-lh-medialorbitofrontal	4101.0
1015	ctx-lh-middletemporal	8380.0
1016	ctx-lh-parahippocampal	1718.0
1017	ctx-lh-paracentral	3157.0
1018	ctx-lh-parsopercularis	4140.0
1019	ctx-lh-parsorbitalis	1850.0
1020	ctx-lh-parstriangularis	3347.0
1021	ctx-lh-pericalcarine	1993.0
1022	ctx-lh-postcentral	9522.0
1023	ctx-lh-posteriorcingulate	2583.0
1024	ctx-lh-precentral	12763.0
1025	ctx-lh-precuneus	8008.0
1026	ctx-lh-rostralanteriorcingulate	2330.0
1027	ctx-lh-rostralmiddlefrontal	11034.0
1028	ctx-lh-superiorfrontal	20258.0
1029	ctx-lh-superiorparietal	11347.0
1030	ctx-lh-superiortemporal	9465.0
1031	ctx-lh-supramarginal	9842.0
1032	ctx-lh-frontalpole	917.0
1033	ctx-lh-temporalpole	2100.0
1034	ctx-lh-transversetemporal	1337.0
1035	ctx-lh-insula	6240.0
2001	ctx-rh-bankssts	1620.0
2002	ctx-rh-caudalanteriorcingulate	1560.0
2003	ctx-rh-caudalmiddlefrontal	4480.0
2005	ctx-rh-cuneus	3501.0
2006	ctx-rh-entorhinal	1734.0
2007	ctx-rh-fusiform	6813.0
2008	ctx-rh-inferiorparietal	10170.0
2009	ctx-rh-inferiortemporal	7441.0
2010	ctx-rh-isthmuscingulate	1684.0
2011	ctx-rh-lateraloccipital	11648.0
2012	ctx-rh-lateralorbitofrontal	6184.0
2013	ctx-rh-lingual	6482.0
2014	ctx-rh-medialorbitofrontal	4283.0
2015	ctx-rh-middletemporal	8362.0
2016	ctx-rh-parahippocampal	2406.0
2017	ctx-rh-paracentral	3681.0
2018	ctx-rh-parsopercularis	3270.0
2019	ctx-rh-parsorbitalis	2780.0
2020	ctx-rh-parstriangularis	4492.0
2021	ctx-rh-pericalcarine	2303.0
2022	ctx-rh-postcentral	8238.0
2023	ctx-rh-posteriorcingulate	2778.0
2024	ctx-rh-precentral	12962.0
2025	ctx-rh-precuneus	8206.0
2026	ctx-rh-rostralanteriorcingulate	1804.0
2027	ctx-rh-rostralmiddlefrontal	13510.0
2028	ctx-rh-superiorfrontal	19358.0
2029	ctx-rh-superiorparietal	10001.0
2030	ctx-rh-superiortemporal	10263.0
2031	ctx-rh-supramarginal	8118.0
2032	ctx-rh-frontalpole	1050.0
2033	ctx-rh-temporalpole	2522.0
2034	ctx-rh-transversetemporal	1084.0
2035	ctx-rh-insula	5817.0
3001	wm-lh-bankssts	2379.0
3002	wm-lh-caudalanteriorcingulate	2545.0
3003	wm-lh-caudalmiddlefrontal	5867.0
3005	wm-lh-cuneus	2479.0
3006	wm-lh-entorhinal	535.0
3007	wm-lh-fusiform	5508.0
3008	wm-lh-inferiorparietal	7059.0
3009	wm-lh-inferiortemporal	5745.0
3010	wm-lh-isthmuscingulate	2889.0
3011	wm-lh-lateraloccipital	9608.0
3012	wm-lh-lateralorbitofrontal	6020.0
3013	wm-lh-lingual	4416.0
3014	wm-lh-medialorbitofrontal	2591.0
3015	wm-lh-middletemporal	3390.0
3016	wm-lh-parahippocampal	1396.0
3017	wm-lh-paracentral	3626.0
3018	wm-lh-parsopercularis	3040.0
3019	wm-lh-parsorbitalis	983.0
3020	wm-lh-parstriangularis	2873.0
3021	wm-lh-pericalcarine	3275.0
3022	wm-lh-postcentral	8062.0
3023	wm-lh-posteriorcingulate	3763.0
3024	wm-lh-precentral	13453.0
3025	wm-lh-precuneus	7971.0
3026	wm-lh-rostralanteriorcingulate	2498.0
3027	wm-lh-rostralmiddlefrontal	9689.0
3028	wm-lh-superiorfrontal	17485.0
3029	wm-lh-superiorparietal	11005.0
3030	wm-lh-superiortemporal	6505.0
3031	wm-lh-supramarginal	7219.0
3032	wm-lh-frontalpole	299.0
3033	wm-lh-temporalpole	581.0
3034	wm-lh-transversetemporal	745.0
3035	wm-lh-insula	9659.0
4001	wm-rh-bankssts	2153.0
4002	wm-rh-caudalanteriorcingulate	2479.0
4003	wm-rh-caudalmiddlefrontal	4844.0
4005	wm-rh-cuneus	2397.0
4006	wm-rh-entorhinal	993.0
4007	wm-rh-fusiform	5495.0
4008	wm-rh-inferiorparietal	7949.0
4009	wm-rh-inferiortemporal	4420.0
4010	wm-rh-isthmuscingulate	2757.0
4011	wm-rh-lateraloccipital	9338.0
4012	wm-rh-lateralorbitofrontal	6574.0
4013	wm-rh-lingual	5326.0
4014	wm-rh-medialorbitofrontal	3469.0
4015	wm-rh-middletemporal	4256.0
4016	wm-rh-parahippocampal	1585.0
4017	wm-rh-paracentral	4323.0
4018	wm-rh-parsopercularis	2908.0
4019	wm-rh-parsorbitalis	1351.0
4020	wm-rh-parstriangularis	3382.0
4021	wm-rh-pericalcarine	3637.0
4022	wm-rh-postcentral	6753.0
4023	wm-rh-posteriorcingulate	3796.0
4024	wm-rh-precentral	13461.0
4025	wm-rh-precuneus	8079.0
4026	wm-rh-rostralanteriorcingulate	1899.0
4027	wm-rh-rostralmiddlefrontal	11611.0
4028	wm-rh-superiorfrontal	16214.0
4029	wm-rh-superiorparietal	9620.0
4030	wm-rh-superiortemporal	6327.0
4031	wm-rh-supramarginal	7296.0
4032	wm-rh-frontalpole	308.0
4033	wm-rh-temporalpole	633.0
4034	wm-rh-transversetemporal	542.0
4035	wm-rh-insula	8956.0
5001	Left-UnsegmentedWhiteMatter	27001.0
5002	Right-UnsegmentedWhiteMatter	27489.0
