index	name	volume-mm3
4	Left-Lateral-Ventricle	7319.0
5	Left-Inf-Lat-Vent	168.0
7	Left-Cerebellum-White-Matter	5675.0
8	Left-Cerebellum-Cortex	28324.0
10	Left-Thalamus	7411.0
11	Left-Caudate	2739.0
12	Left-Putamen	4476.0
13	Left-Pallidum	1791.0
14	3rd-Ventricle	916.0
15	4th-Ventricle	737.0
16	Brain-Stem	14755.0
17	Left-Hippocampus	1707.0
18	Left-Amygdala	342.0
24	CSF	1230.0
26	Left-Accumbens-area	389.0
28	Left-VentralDC	2935.0
30	Left-vessel	2.0
31	Left-choroid-plexus	216.0
43	Right-Lateral-Ventricle	6204.0
44	Right-Inf-Lat-Vent	2110.0
46	Right-Cerebellum-White-Matter	7258.0
47	Right-Cerebellum-Cortex	29990.0
49	Right-Thalamus	7888.0
50	Right-Caudate	3017.0
51	Right-Putamen	4749.0
52	Right-Pallidum	1863.0
53	Right-Hippocampus	2072.0
54	Right-Amygdala	1141.0
58	Right-Accumbens-area	348.0
60	Right-VentralDC	3712.0
62	Right-vessel	7.0
63	Right-choroid-plexus	407.0
85	Optic-Chiasm	66.0
251	CC_Posterior	984.0
252	CC_Mid_Posterior	624.0
253	CC_Central	602.0
254	CC_Mid_Anterior	901.0
255	CC_Anterior	938.0
1001	ctx-lh-bankssts	2627.0
1002	ctx-lh-caudalanteriorcingulate	1752.0
1003	ctx-lh-caudalmiddlefrontal	5924.0
1005	ctx-lh-cuneus	4091.0
1006	ctx-lh-entorhinal	727.0
1007	ctx-lh-fusiform	5522.0
1008	ctx-lh-inferiorparietal	12582.0
1009	ctx-lh-inferiortemporal	6444.0
1010	ctx-lh-isthmuscingulate	2759.0
1011	ctx-lh-lateraloccipital	10282.0
1012	ctx-lh-lateralorbitofrontal	7950.0
1013	ctx-lh-lingual	7736.0
1014	ctx-lh-medialorbitofrontal	4660.0
1015	ctx-lh-middletemporal	9488.0
1016	ctx-lh-parahippocampal	1501.0
1017	ctx-lh-paracentral	4137.0
1018	ctx-lh-parsopercularis	4451.0
1019	ctx-lh-parsorbitalis	3223.0
1020	ctx-lh-parstriangularis	3703.0
1021	ctx-lh-pericalcarine	2669.0
1022	ctx-lh-postcentral	11673.0
1023	ctx-lh-posteriorcingulate	3526.0
1024	ctx-lh-precentral	12522.0
1025	ctx-lh-precuneus	11613.0
1026	ctx-lh-rostralanteriorcingulate	2386.0
1027	ctx-lh-rostralmiddlefrontal	13940.0
1028	ctx-lh-superiorfrontal	20040.0
1029	ctx-lh-superiorparietal	17651.0
1030	ctx-lh-superiortemporal	10371.0
1031	ctx-lh-supramarginal	13539.0
1032	ctx-lh-frontalpole	1144.0
1033	ctx-lh-temporalpole	1671.0
1034	ctx-lh-transversetemporal	1277.0
1035	ctx-lh-insula	6482.0
2001	ctx-rh-bankssts	2105.0
2002	ctx-rh-caudalanteriorcingulate	1559.0
2003	ctx-rh-caudalmiddlefrontal	5604.0
2005	ctx-rh-cuneus	4319.0
2006	ctx-rh-entorhinal	887.0
2007	ctx-rh-fusiform	7629.0
2008	ctx-rh-inferiorparietal	16655.0
2009	ctx-rh-inferiortemporal	7577.0
2010	ctx-rh-isthmuscingulate	1944.0
2011	ctx-rh-lateraloccipital	11016.0
2012	ctx-rh-lateralorbitofrontal	5948.0
2013	ctx-rh-lingual	6694.0
2014	ctx-rh-medialorbitofrontal	5024.0
2015	ctx-rh-middletemporal	9302.0
2016	ctx-rh-parahippocampal	1582.0
2017	ctx-rh-paracentral	4908.0
2018	ctx-rh-parsopercularis	3435.0
2019	ctx-rh-parsorbitalis	3186.0
2020	ctx-rh-parstriangularis	4011.0
2021	ctx-rh-pericalcarine	3121.0
2022	ctx-rh-postcentral	12270.0
2023	ctx-rh-posteriorcingulate	3039.0
2024	ctx-rh-precentral	13731.0
2025	ctx-rh-precuneus	9904.0
2026	ctx-rh-rostralanteriorcingulate	1473.0
2027	ctx-rh-rostralmiddlefrontal	15269.0
2028	ctx-rh-superiorfrontal	18694.0
2029	ctx-rh-superiorparietal	14905.0
2030	ctx-rh-superiortemporal	10213.0
2031	ctx-rh-supramarginal	9762.0
2032	ctx-rh-frontalpole	1243.0
2033	ctx-rh-temporalpole	2146.0
2034	ctx-rh-transversetemporal	812.0
2035	ctx-rh-insula	4645.0
3001	wm-lh-bankssts	3977.0
3002	wm-lh-caudalanteriorcingulate	2844.0
3003	wm-lh-caudalmiddlefrontal	6519.0
3005	wm-lh-cuneus	2881.0
3006	wm-lh-entorhinal	583.0
3007	wm-lh-fusiform	5107.0
3008	wm-lh-inferiorparietal	9427.0
3009	wm-lh-inferiortemporal	4890.0
3010	wm-lh-isthmuscingulate	3585.0
3011	wm-lh-lateraloccipital	8428.0
3012	wm-lh-lateralorbitofrontal	6792.0
3013	wm-lh-lingual	4545.0
3014	wm-lh-medialorbitofrontal	4586.0
3015	wm-lh-middletemporal	4887.0
3016	wm-lh-parahippocampal	1823.0
3017	wm-lh-paracentral	4841.0
3018	wm-lh-parsopercularis	3919.0
3019	wm-lh-parsorbitalis	1199.0
3020	wm-lh-parstriangularis	2987.0
3021	wm-lh-pericalcarine	3958.0
3022	wm-lh-postcentral	9252.0
3023	wm-lh-posteriorcingulate	4587.0
3024	wm-lh-precentral	13317.0
3025	wm-lh-precuneus	9187.0
3026	wm-lh-rostralanteriorcingulate	2595.0
3027	wm-lh-rostralmiddlefrontal	11788.0
3028	wm-lh-superiorfrontal	16120.0
3029	wm-lh-superiorparietal	14843.0
3030	wm-lh-superiortemporal	7270.0
3031	wm-lh-supramarginal	10542.0
3032	wm-lh-frontalpole	342.0
3033	wm-lh-temporalpole	712.0
3034	wm-lh-transversetemporal	1026.0
3035	wm-lh-insula	9184.0
4001	wm-rh-bankssts	3288.0
4002	wm-rh-caudalanteriorcingulate	2591.0
4003	wm-rh-caudalmiddlefrontal	5495.0
4005	wm-rh-cuneus	3066.0
4006	wm-rh-entorhinal	572.0
4007	wm-rh-fusiform	5607.0
4008	wm-rh-inferiorparietal	12403.0
4009	wm-rh-inferiortemporal	5566.0
4010	wm-rh-isthmuscingulate	3121.0
4011	wm-rh-lateraloccipital	8965.0
4012	wm-rh-lateralorbitofrontal	6196.0
4013	wm-rh-lingual	4655.0
4014	wm-rh-medialorbitofrontal	4128.0
4015	wm-rh-middletemporal	6405.0
4016	wm-rh-parahippocampal	1276.0
4017	wm-rh-paracentral	5265.0
4018	wm-rh-parsopercularis	3148.0
4019	wm-rh-parsorbitalis	1305.0
4020	wm-rh-parstriangularis	3209.0
4021	wm-rh-pericalcarine	3863.0
4022	wm-rh-postcentral	9641.0
4023	wm-rh-posteriorcingulate	4076.0
4024	wm-rh-precentral	14553.0
4025	wm-rh-precuneus	8853.0
4026	wm-rh-rostralanteriorcingulate	1848.0
4027	wm-rh-rostralmiddlefrontal	12326.0
4028	wm-rh-superiorfrontal	16421.0
4029	wm-rh-superiorparietal	11259.0
4030	wm-rh-superiortemporal	6239.0
4031	wm-rh-supramarginal	8755.0
4032	wm-rh-frontalpole	357.0
4033	wm-rh-temporalpole	680.0
4034	wm-rh-transversetemporal	643.0
4035	wm-rh-insula	7704.0
5001	Left-UnsegmentedWhiteMatter	29176.0
5002	Right-UnsegmentedWhiteMatter	29183.0
